{
  "designerVersion" : "1.6.46",
  "id" : "b23bc889-1aeb-46cd-995d-0990badcaf49",
  "name" : "TestCustomWidget",
  "type" : "form",
  "lastUpdate" : 1544798965016,
  "rows" : [ [ {
    "type" : "component",
    "dimension" : {
      "xs" : 6
    },
    "propertyValues" : {
      "cssClasses" : {
        "type" : "constant",
        "value" : ""
      },
      "hidden" : {
        "type" : "constant",
        "value" : false
      }
    },
    "reference" : "a996437a-146b-40bb-af42-f306c23eca8e",
    "id" : "customTestpaging1"
  }, {
    "type" : "component",
    "dimension" : {
      "xs" : 6
    },
    "propertyValues" : {
      "cssClasses" : {
        "type" : "constant",
        "value" : ""
      },
      "hidden" : {
        "type" : "constant",
        "value" : false
      }
    },
    "reference" : "13cf4e37-6e50-426c-b779-7ea4dbcf4057",
    "id" : "customTestPaging2"
  } ] ],
  "assets" : [ {
    "id" : "c496ff69-f227-4c0e-a906-219ccb3ede3e",
    "name" : "style.css",
    "type" : "css",
    "order" : 0,
    "external" : false
  }, {
    "id" : "29e89af1-0046-4102-81a1-e5c7e7df6ddd",
    "name" : "login-logo-medium.png",
    "type" : "img",
    "order" : 1,
    "external" : false
  }, {
    "id" : "96d3c661-f284-428e-9acb-9a2f4dad605d",
    "name" : "localization.json",
    "type" : "json",
    "order" : 0,
    "external" : false
  } ],
  "inactiveAssets" : [ ],
  "data" : {
    "formInput" : {
      "type" : "json",
      "value" : "{  \r \"selectedDeparts\":\"\", \r \"bCreate\" : false, \r \"bDepartUser\":false,\r \"bDepartUsers\":false,  \r \"bDeleteDptUser\":false,\r \"selectedUsersText\":\"\",\r \"selectedDepartsName\" : \"\",\r \"bCreateUser\":false\r }",
      "exposed" : false
    },
    "session" : {
      "type" : "url",
      "value" : "../API/system/session/1",
      "exposed" : false
    },
    "selectedUser" : {
      "type" : "json",
      "value" : "[]",
      "exposed" : false
    },
    "Task" : {
      "type" : "url",
      "value" : "../API/bpm/userTask/{{taskId}}",
      "exposed" : false
    },
    "taskId" : {
      "type" : "urlparameter",
      "value" : "id",
      "exposed" : false
    },
    "context" : {
      "type" : "url",
      "value" : "../API/bpm/userTask/{{taskId}}/context",
      "exposed" : false
    },
    "tenant" : {
      "type" : "url",
      "value" : "../API/system/tenant/unusedid",
      "exposed" : false
    },
    "testUserJson" : {
      "type" : "json",
      "value" : "[\r\n  {\r\n    \"firstname\": \"Studio\",\r\n    \"icon\": \"icons/default/icon_user.png\",\r\n    \"creation_date\": \"2018-12-04 14:02:37.908\",\r\n    \"userName\": \"studio\",\r\n    \"title\": \"\",\r\n    \"created_by_user_id\": \"-1\",\r\n    \"enabled\": \"true\",\r\n    \"lastname\": \"\",\r\n    \"last_connection\": \"\",\r\n    \"password\": \"\",\r\n    \"manager_id\": \"0\",\r\n    \"id\": \"44\",\r\n    \"job_title\": \"Studio technical user for preview\",\r\n    \"last_update_date\": \"2018-12-04 14:02:37.908\"\r\n  },\r\n  {\r\n    \"firstname\": \"Audit Committee\",\r\n    \"icon\": \"icons/default/icon_user.png\",\r\n    \"creation_date\": \"2018-12-04 14:02:37.798\",\r\n    \"userName\": \"audit1\",\r\n    \"title\": \"\",\r\n    \"created_by_user_id\": \"-1\",\r\n    \"enabled\": \"true\",\r\n    \"lastname\": \"AC\",\r\n    \"last_connection\": \"\",\r\n    \"password\": \"\",\r\n    \"manager_id\": \"0\",\r\n    \"id\": \"33\",\r\n    \"job_title\": \"Audit Committee  employee\",\r\n    \"last_update_date\": \"2018-12-04 14:02:37.798\"\r\n  },\r\n  {\r\n    \"firstname\": \"Asset Holder\",\r\n    \"icon\": \"icons/default/icon_user.png\",\r\n    \"creation_date\": \"2018-12-04 14:02:37.752\",\r\n    \"userName\": \"asset1\",\r\n    \"title\": \"\",\r\n    \"created_by_user_id\": \"-1\",\r\n    \"enabled\": \"true\",\r\n    \"lastname\": \"AH\",\r\n    \"last_connection\": \"\",\r\n    \"password\": \"\",\r\n    \"manager_id\": \"0\",\r\n    \"id\": \"28\",\r\n    \"job_title\": \"Asset Holder employee\",\r\n    \"last_update_date\": \"2018-12-04 14:02:37.752\"\r\n  },\r\n  {\r\n    \"firstname\": \"Donghee\",\r\n    \"icon\": \"icons/default/icon_user.png\",\r\n    \"creation_date\": \"2018-12-04 14:02:37.908\",\r\n    \"userName\": \"dong\",\r\n    \"title\": \"\",\r\n    \"created_by_user_id\": \"-1\",\r\n    \"enabled\": \"true\",\r\n    \"lastname\": \"Baik\",\r\n    \"last_connection\": \"2018-12-12 10:15:50.559\",\r\n    \"password\": \"\",\r\n    \"manager_id\": \"0\",\r\n    \"id\": \"43\",\r\n    \"job_title\": \"IT Technician\",\r\n    \"last_update_date\": \"2018-12-04 14:02:37.908\"\r\n  },\r\n  {\r\n    \"firstname\": \"Chef de Service\",\r\n    \"icon\": \"icons/default/icon_user.png\",\r\n    \"creation_date\": \"2018-12-04 14:02:37.814\",\r\n    \"userName\": \"cds\",\r\n    \"title\": \"\",\r\n    \"created_by_user_id\": \"-1\",\r\n    \"enabled\": \"true\",\r\n    \"lastname\": \"CDS\",\r\n    \"last_connection\": \"\",\r\n    \"password\": \"\",\r\n    \"manager_id\": \"0\",\r\n    \"id\": \"34\",\r\n    \"job_title\": \"Chef de Service employee\",\r\n    \"last_update_date\": \"2018-12-04 14:02:37.814\"\r\n  },\r\n  {\r\n    \"firstname\": \"Direct Support Professionals\",\r\n    \"icon\": \"icons/default/icon_user.png\",\r\n    \"creation_date\": \"2018-12-04 14:02:37.861\",\r\n    \"userName\": \"dsp1\",\r\n    \"title\": \"\",\r\n    \"created_by_user_id\": \"-1\",\r\n    \"enabled\": \"true\",\r\n    \"lastname\": \"DSP\",\r\n    \"last_connection\": \"\",\r\n    \"password\": \"\",\r\n    \"manager_id\": \"0\",\r\n    \"id\": \"39\",\r\n    \"job_title\": \"Direct Support Professionals employee\",\r\n    \"last_update_date\": \"2018-12-04 14:02:37.861\"\r\n  },\r\n  {\r\n    \"firstname\": \"User 2\",\r\n    \"icon\": \"icons/default/icon_user.png\",\r\n    \"creation_date\": \"2018-12-04 14:02:37.736\",\r\n    \"userName\": \"user2\",\r\n    \"title\": \"\",\r\n    \"created_by_user_id\": \"-1\",\r\n    \"enabled\": \"true\",\r\n    \"lastname\": \"HR\",\r\n    \"last_connection\": \"\",\r\n    \"password\": \"\",\r\n    \"manager_id\": \"0\",\r\n    \"id\": \"26\",\r\n    \"job_title\": \"Human Resources  Employee\",\r\n    \"last_update_date\": \"2018-12-04 14:02:37.736\"\r\n  },\r\n  {\r\n    \"firstname\": \"User 3\",\r\n    \"icon\": \"icons/default/icon_user.png\",\r\n    \"creation_date\": \"2018-12-04 14:02:37.767\",\r\n    \"userName\": \"user3\",\r\n    \"title\": \"\",\r\n    \"created_by_user_id\": \"-1\",\r\n    \"enabled\": \"true\",\r\n    \"lastname\": \"IS\",\r\n    \"last_connection\": \"\",\r\n    \"password\": \"\",\r\n    \"manager_id\": \"0\",\r\n    \"id\": \"30\",\r\n    \"job_title\": \"Information Services Employee\",\r\n    \"last_update_date\": \"2018-12-04 14:02:37.767\"\r\n  },\r\n  {\r\n    \"firstname\": \"Information Services\",\r\n    \"icon\": \"icons/default/icon_user.png\",\r\n    \"creation_date\": \"2018-12-04 14:02:37.845\",\r\n    \"userName\": \"is1\",\r\n    \"title\": \"\",\r\n    \"created_by_user_id\": \"-1\",\r\n    \"enabled\": \"true\",\r\n    \"lastname\": \"IS\",\r\n    \"last_connection\": \"2018-12-12 10:16:01.501\",\r\n    \"password\": \"\",\r\n    \"manager_id\": \"0\",\r\n    \"id\": \"38\",\r\n    \"job_title\": \"Information Services employee\",\r\n    \"last_update_date\": \"2018-12-04 14:02:37.845\"\r\n  },\r\n  {\r\n    \"firstname\": \"Jang\",\r\n    \"icon\": \"icons/default/icon_user.png\",\r\n    \"creation_date\": \"2018-12-04 14:02:37.736\",\r\n    \"userName\": \"jang\",\r\n    \"title\": \"\",\r\n    \"created_by_user_id\": \"-1\",\r\n    \"enabled\": \"true\",\r\n    \"lastname\": \"Jeon\",\r\n    \"last_connection\": \"2018-12-06 14:04:57.503\",\r\n    \"password\": \"\",\r\n    \"manager_id\": \"0\",\r\n    \"id\": \"27\",\r\n    \"job_title\": \"Computer Technician\",\r\n    \"last_update_date\": \"2018-12-04 14:02:37.736\"\r\n  },\r\n  {\r\n    \"firstname\": \"User 1\",\r\n    \"icon\": \"icons/default/icon_user.png\",\r\n    \"creation_date\": \"2018-12-04 14:02:37.705\",\r\n    \"userName\": \"user1\",\r\n    \"title\": \"\",\r\n    \"created_by_user_id\": \"-1\",\r\n    \"enabled\": \"true\",\r\n    \"lastname\": \"Legal\",\r\n    \"last_connection\": \"2018-12-05 10:42:24.639\",\r\n    \"password\": \"\",\r\n    \"manager_id\": \"0\",\r\n    \"id\": \"24\",\r\n    \"job_title\": \"Legal  Employee\",\r\n    \"last_update_date\": \"2018-12-04 14:02:37.705\"\r\n  },\r\n  {\r\n    \"firstname\": \"Legal\",\r\n    \"icon\": \"icons/default/icon_user.png\",\r\n    \"creation_date\": \"2018-12-04 14:02:37.830\",\r\n    \"userName\": \"legal1\",\r\n    \"title\": \"\",\r\n    \"created_by_user_id\": \"-1\",\r\n    \"enabled\": \"true\",\r\n    \"lastname\": \"LEGAL\",\r\n    \"last_connection\": \"2018-12-05 12:51:37.605\",\r\n    \"password\": \"\",\r\n    \"manager_id\": \"0\",\r\n    \"id\": \"36\",\r\n    \"job_title\": \"Legal\",\r\n    \"last_update_date\": \"2018-12-04 14:02:37.830\"\r\n  },\r\n  {\r\n    \"firstname\": \"Logistique\",\r\n    \"icon\": \"icons/default/icon_user.png\",\r\n    \"creation_date\": \"2018-12-04 14:02:37.798\",\r\n    \"userName\": \"logist1\",\r\n    \"title\": \"\",\r\n    \"created_by_user_id\": \"-1\",\r\n    \"enabled\": \"true\",\r\n    \"lastname\": \"LOGISTIQUE\",\r\n    \"last_connection\": \"\",\r\n    \"password\": \"\",\r\n    \"manager_id\": \"0\",\r\n    \"id\": \"32\",\r\n    \"job_title\": \"Logistique\",\r\n    \"last_update_date\": \"2018-12-04 14:02:37.798\"\r\n  },\r\n  {\r\n    \"firstname\": \"Management\",\r\n    \"icon\": \"icons/default/icon_user.png\",\r\n    \"creation_date\": \"2018-12-04 14:02:37.720\",\r\n    \"userName\": \"manager1\",\r\n    \"title\": \"\",\r\n    \"created_by_user_id\": \"-1\",\r\n    \"enabled\": \"true\",\r\n    \"lastname\": \"MANAGEMENT\",\r\n    \"last_connection\": \"\",\r\n    \"password\": \"\",\r\n    \"manager_id\": \"0\",\r\n    \"id\": \"25\",\r\n    \"job_title\": \"Manager\",\r\n    \"last_update_date\": \"2018-12-04 14:02:37.720\"\r\n  },\r\n  {\r\n    \"firstname\": \"Medical Records\",\r\n    \"icon\": \"icons/default/icon_user.png\",\r\n    \"creation_date\": \"2018-12-04 14:02:37.845\",\r\n    \"userName\": \"mr1\",\r\n    \"title\": \"\",\r\n    \"created_by_user_id\": \"-1\",\r\n    \"enabled\": \"true\",\r\n    \"lastname\": \"MR\",\r\n    \"last_connection\": \"2018-12-05 15:24:55.096\",\r\n    \"password\": \"\",\r\n    \"manager_id\": \"0\",\r\n    \"id\": \"37\",\r\n    \"job_title\": \"Medical Records\",\r\n    \"last_update_date\": \"2018-12-04 14:02:37.845\"\r\n  },\r\n  {\r\n    \"firstname\": \"Ombudsman\",\r\n    \"icon\": \"icons/default/icon_user.png\",\r\n    \"creation_date\": \"2018-12-04 14:02:37.877\",\r\n    \"userName\": \"ombudsman1\",\r\n    \"title\": \"\",\r\n    \"created_by_user_id\": \"-1\",\r\n    \"enabled\": \"true\",\r\n    \"lastname\": \"OMBUDSMAN\",\r\n    \"last_connection\": \"2018-12-05 10:17:56.408\",\r\n    \"password\": \"\",\r\n    \"manager_id\": \"0\",\r\n    \"id\": \"40\",\r\n    \"job_title\": \"Ombudsman\",\r\n    \"last_update_date\": \"2018-12-04 14:02:37.877\"\r\n  },\r\n  {\r\n    \"firstname\": \"Tomoko\",\r\n    \"icon\": \"icons/default/icon_user.png\",\r\n    \"creation_date\": \"2018-12-04 14:02:37.892\",\r\n    \"userName\": \"Tomoko\",\r\n    \"title\": \"\",\r\n    \"created_by_user_id\": \"-1\",\r\n    \"enabled\": \"true\",\r\n    \"lastname\": \"Osaki\",\r\n    \"last_connection\": \"\",\r\n    \"password\": \"\",\r\n    \"manager_id\": \"0\",\r\n    \"id\": \"42\",\r\n    \"job_title\": \"IT Technician\",\r\n    \"last_update_date\": \"2018-12-04 14:02:37.892\"\r\n  },\r\n  {\r\n    \"firstname\": \"Rh\",\r\n    \"icon\": \"icons/default/icon_user.png\",\r\n    \"creation_date\": \"2018-12-04 14:02:37.830\",\r\n    \"userName\": \"rh1\",\r\n    \"title\": \"\",\r\n    \"created_by_user_id\": \"-1\",\r\n    \"enabled\": \"true\",\r\n    \"lastname\": \"RH\",\r\n    \"last_connection\": \"\",\r\n    \"password\": \"\",\r\n    \"manager_id\": \"0\",\r\n    \"id\": \"35\",\r\n    \"job_title\": \"RH\",\r\n    \"last_update_date\": \"2018-12-04 14:02:37.830\"\r\n  },\r\n  {\r\n    \"firstname\": \"Security and Confidentiality\",\r\n    \"icon\": \"icons/default/icon_user.png\",\r\n    \"creation_date\": \"2018-12-04 14:02:37.767\",\r\n    \"userName\": \"snc1\",\r\n    \"title\": \"\",\r\n    \"created_by_user_id\": \"-1\",\r\n    \"enabled\": \"true\",\r\n    \"lastname\": \"SC\",\r\n    \"last_connection\": \"\",\r\n    \"password\": \"\",\r\n    \"manager_id\": \"0\",\r\n    \"id\": \"29\",\r\n    \"job_title\": \"Security and Confidentiality  Employee\",\r\n    \"last_update_date\": \"2018-12-04 14:02:37.767\"\r\n  },\r\n  {\r\n    \"firstname\": \"Service de soins\",\r\n    \"icon\": \"icons/default/icon_user.png\",\r\n    \"creation_date\": \"2018-12-04 14:02:37.877\",\r\n    \"userName\": \"sds1\",\r\n    \"title\": \"\",\r\n    \"created_by_user_id\": \"-1\",\r\n    \"enabled\": \"true\",\r\n    \"lastname\": \"SDS\",\r\n    \"last_connection\": \"\",\r\n    \"password\": \"\",\r\n    \"manager_id\": \"0\",\r\n    \"id\": \"41\",\r\n    \"job_title\": \"Service de soins  Employee\",\r\n    \"last_update_date\": \"2018-12-04 14:02:37.877\"\r\n  },\r\n  {\r\n    \"firstname\": \"Security Governance 1\",\r\n    \"icon\": \"icons/default/icon_user.png\",\r\n    \"creation_date\": \"2018-12-04 14:02:37.689\",\r\n    \"userName\": \"sg1\",\r\n    \"title\": \"\",\r\n    \"created_by_user_id\": \"-1\",\r\n    \"enabled\": \"true\",\r\n    \"lastname\": \"SG1\",\r\n    \"last_connection\": \"2018-12-04 14:22:06.897\",\r\n    \"password\": \"\",\r\n    \"manager_id\": \"0\",\r\n    \"id\": \"23\",\r\n    \"job_title\": \"Security Governance  Employee\",\r\n    \"last_update_date\": \"2018-12-04 14:02:37.689\"\r\n  },\r\n  {\r\n    \"firstname\": \"Security Governance 2\",\r\n    \"icon\": \"icons/default/icon_user.png\",\r\n    \"creation_date\": \"2018-12-04 14:02:37.783\",\r\n    \"userName\": \"sg2\",\r\n    \"title\": \"\",\r\n    \"created_by_user_id\": \"-1\",\r\n    \"enabled\": \"true\",\r\n    \"lastname\": \"SG2\",\r\n    \"last_connection\": \"\",\r\n    \"password\": \"\",\r\n    \"manager_id\": \"0\",\r\n    \"id\": \"31\",\r\n    \"job_title\": \"Security Governance  Employee\",\r\n    \"last_update_date\": \"2018-12-04 14:02:37.783\"\r\n  }\r\n]",
      "exposed" : false
    }
  }
}